INSERT INTO university.students (id, name, birthday)
VALUES (1, 'Tom', '2000-04-30'),
       (2, 'Mark', '2001-07-11'),
       (3, 'Alice', '2000-03-05'),
	   (4, 'Robert', '1999-01-01'),
	   (5, 'Rose', '2000-11-09'),
	   (6, 'Andrew', '2002-09-27'),
	   (7, 'Ashly', '2000-02-29'),
	   (8, 'Oscar', '1999-07-16'),
	   (9, 'Mark', '2001-08-02'),
	   (10, 'Rose', '2001-11-09'),
	   (11, 'Ann', '2000-10-17'),
	   (12, 'Caroline', '2000-05-09'),
	   (13, 'Shon', '2000-12-31'),
	   (14, 'Rebekka', '2001-12-30'),
	   (15, 'Lucy', '2000-12-31'),
	   (16, 'Desmond', '2001-12-30');

INSERT INTO university.subjects (id, name)
VALUES ('E001', 'Math Calculus'),
       ('N001', 'General Physics'),
       ('H001', 'Social Science'),
	   ('N002', 'Chemistry'),
	   ('E002', 'Theoretical Mechanics'),
	   ('E003', 'Computer Science');

INSERT INTO university.marks (subject_id, student_id, mark)
VALUES ('E001', 1, 90),
       ('E001', 2, 84),
       ('E001', 3, 69),
       ('E001', 4, 68),
       ('E001', 5, 64),
       ('E001', 6, 70),
       ('E001', 7, 71),
       ('E001', 8, 79),
       ('E001', 9, 82),
       ('E001', 10, 80),
       ('E001', 11, 74),
       ('E001', 12, 65),
       ('E001', 13, 66),
       ('E001', 14, 100),
       ('E001', 15, 74),
       ('E001', 16, 50),
--
       ('E002', 1, 95),
       ('E002', 2, 80),
       ('E002', 3, 66),
       ('E002', 4, 90),
       ('E002', 5, 64),
       ('E002', 6, 75),
       ('E002', 7, 78),
       ('E002', 8, 80),
       ('E002', 9, 82),
       ('E002', 10, 74),
       ('E002', 11, 74),
       ('E002', 12, 68),
       ('E002', 13, 66),
       ('E002', 14, 98),
       ('E002', 15, 93),
       ('E002', 16, 60),
--
       ('E003', 1, 90),
       ('E003', 2, 80),
       ('E003', 3, 64),
       ('E003', 4, 95),
       ('E003', 5, 60),
       ('E003', 6, 71),
       ('E003', 7, 72),
       ('E003', 8, 88),
       ('E003', 9, 89),
       ('E003', 10, 79),
       ('E003', 11, 74),
       ('E003', 12, 61),
       ('E003', 13, 66),
       ('E003', 14, 100),
       ('E003', 15, 80),
       ('E003', 16, 63),
--
       ('N001', 1, 74),
       ('N001', 2, 67),
       ('N001', 3, 69),
       ('N001', 4, 93),
       ('N001', 5, 62),
       ('N001', 6, 90),
       ('N001', 7, 94),
       ('N001', 8, 88),
       ('N001', 9, 80),
       ('N001', 10, 73),
       ('N001', 11, 70),
       ('N001', 12, 89),
       ('N001', 13, 50),
       ('N001', 14, 90),
       ('N001', 15, 72),
       ('N001', 16, 81),
--
       ('N002', 1, 86),
       ('N002', 2, 71),
       ('N002', 3, 72),
       ('N002', 4, 87),
       ('N002', 5, 68),
       ('N002', 6, 93),
       ('N002', 7, 94),
       ('N002', 8, 88),
       ('N002', 9, 80),
       ('N002', 10, 70),
       ('N002', 11, 79),
       ('N002', 12, 81),
       ('N002', 13, 95),
       ('N002', 14, 94),
       ('N002', 15, 77),
       ('N002', 16, 75),
--
       ('H001', 1, 78),
       ('H001', 2, 86),
       ('H001', 3, 58),
       ('H001', 4, 69),
       ('H001', 5, 73),
       ('H001', 6, 90),
       ('H001', 7, 99),
       ('H001', 8, 64),
       ('H001', 9, 86),
       ('H001', 10, 70),
       ('H001', 11, 74),
       ('H001', 12, 87),
       ('H001', 13, 100),
       ('H001', 14, 50),
       ('H001', 15, 93),
       ('H001', 16, 80);
